"base","objeto","orden","campo","tipo","largo","precision_num","escala","acepta_nulos"
"CONTACC","vw_catalogo_cuentas","1","cta_nivel","tinyint","","3","0","YES"
"CONTACC","vw_catalogo_cuentas","2","Codigo_N1","varchar","20","","","NO"
"CONTACC","vw_catalogo_cuentas","3","Nombre_n1","varchar","100","","","NO"
"CONTACC","vw_catalogo_cuentas","4","Codigo_N5","varchar","20","","","YES"
"CONTACC","vw_catalogo_cuentas","5","Nombre_N5","varchar","100","","","YES"
"CONTACC","vw_piq_asociados_cuota","1","emp_nit","varchar","20","","","YES"
"CONTACC","vw_piq_asociados_cuota","2","Sal_Ano","smallint","","5","0","NO"
"CONTACC","vw_piq_asociados_cuota","3","cod_n5","varchar","20","","","YES"
"CONTACC","vw_piq_asociados_cuota","4","nom_n5","varchar","100","","","YES"
"CONTACC","vw_piq_asociados_cuota","5","grupo","varchar","1","","","YES"
"CONTACC","vw_piq_asociados_cuota","6","nombre_mostrar","varchar","25","","","YES"
"CONTACC","vw_piq_asociados_cuota","7","cuota","money","","19","4","YES"
"CONTACC","vw_piq_balance_general","1","emp_nit","varchar","20","","","YES"
"CONTACC","vw_piq_balance_general","2","Cod_n1","varchar","20","","","YES"
"CONTACC","vw_piq_balance_general","3","Nom_n1","varchar","100","","","YES"
"CONTACC","vw_piq_balance_general","4","cod_n5","varchar","20","","","YES"
"CONTACC","vw_piq_balance_general","5","nom_n5","varchar","100","","","YES"
"CONTACC","vw_piq_balance_general","6","Sal_Ano","smallint","","5","0","NO"
"CONTACC","vw_piq_balance_general","7","Sal_Mes","smallint","","5","0","YES"
"CONTACC","vw_piq_balance_general","8","Debitos","money","","19","4","YES"
"CONTACC","vw_piq_balance_general","9","Creditos","money","","19","4","YES"
"CONTACC","vw_piq_balance_general","10","Saldo","money","","19","4","YES"
"CONTACC","vw_piq_balance_general","11","Inicial","int","","10","0","NO"
"CONTACC","vw_piq_balance_saldos","1","emp_nit","varchar","20","","","NO"
"CONTACC","vw_piq_balance_saldos","2","Cta_Codigo","varchar","20","","","NO"
"CONTACC","vw_piq_balance_saldos","3","Cta_Descripcion","varchar","100","","","NO"
"CONTACC","vw_piq_balance_saldos","4","Sal_Ano","smallint","","5","0","NO"
"CONTACC","vw_piq_balance_saldos","5","Sal_Mes","smallint","","5","0","NO"
"CONTACC","vw_piq_balance_saldos","6","Debitos","money","","19","4","YES"
"CONTACC","vw_piq_balance_saldos","7","Creditos","money","","19","4","YES"
"CONTACC","vw_piq_balance_saldos","8","Saldo","money","","19","4","YES"
"CONTACC","vw_piq_balance_saldos","9","Cod_Centro","varchar","20","","","NO"
"CONTACC","vw_piq_centrosdecosto","1","emp_nit","varchar","20","","","NO"
"CONTACC","vw_piq_centrosdecosto","2","Cod_centro","varchar","20","","","NO"
"CONTACC","vw_piq_centrosdecosto","3","Des_centro","varchar","40","","","YES"
"CONTACC","vw_piq_centrosdecosto","4","nivel","tinyint","","3","0","YES"
"CONTACC","vw_piq_centrosdecosto","5","CC_Grupo1","varchar","20","","","YES"
"CONTACC","vw_piq_cheques_circulacion","1","ban_codigo","varchar","10","","","NO"
"CONTACC","vw_piq_cheques_circulacion","2","cta_numero","varchar","30","","","YES"
"CONTACC","vw_piq_cheques_circulacion","3","cta_nombre","varchar","50","","","YES"
"CONTACC","vw_piq_cheques_circulacion","4","Cta_Codigo","varchar","20","","","YES"
"CONTACC","vw_piq_cheques_circulacion","5","par_ano","smallint","","5","0","NO"
"CONTACC","vw_piq_cheques_circulacion","6","par_mes","smallint","","5","0","NO"
"CONTACC","vw_piq_cheques_circulacion","7","doc_numero","varchar","20","","","NO"
"CONTACC","vw_piq_cheques_circulacion","8","doc_fecha","datetime","","","","YES"
"CONTACC","vw_piq_cheques_circulacion","9","doc_fchcobro","datetime","","","","YES"
"CONTACC","vw_piq_cheques_circulacion","10","doc_nombre","varchar","100","","","YES"
"CONTACC","vw_piq_cheques_circulacion","11","doc_motivo","varchar","250","","","NO"
"CONTACC","vw_piq_cheques_circulacion","12","doc_monto","money","","19","4","YES"
"CONTACC","vw_piq_presupuestos","1","emp_nit","varchar","20","","","NO"
"CONTACC","vw_piq_presupuestos","2","par_ano","smallint","","5","0","NO"
"CONTACC","vw_piq_presupuestos","3","par_mes","smallint","","5","0","NO"
"CONTACC","vw_piq_presupuestos","4","cta_codigo","nvarchar","20","","","NO"
"CONTACC","vw_piq_presupuestos","5","pre_presupuesto","money","","19","4","YES"
"CONTACC","vw_piq_presupuestos","6","cod_centro","varchar","20","","","NO"
"CONTACC","vw_piq_saldos_bancos","1","ban_codigo","varchar","10","","","NO"
"CONTACC","vw_piq_saldos_bancos","2","Sal_Mes","int","","10","0","NO"
"CONTACC","vw_piq_saldos_bancos","3","Sal_Ano","int","","10","0","NO"
"CONTACC","vw_piq_saldos_bancos","4","InicialL","money","","19","4","YES"
"CONTACC","vw_piq_saldos_bancos","5","EntradasL","money","","19","4","YES"
"CONTACC","vw_piq_saldos_bancos","6","SalidasL","money","","19","4","YES"
"CONTACC","vw_piq_saldos_bancos","7","FinalL","money","","19","4","YES"
"Agrequima","OtroIngreso","1","tipo","varchar","100","","","NO"
"Agrequima","OtroIngreso","2","concepto","varchar","150","","","NO"
"Agrequima","OtroIngreso","3","anio","int","","10","0","NO"
"Agrequima","OtroIngreso","4","mes","int","","10","0","NO"
"Agrequima","OtroIngreso","5","valor","decimal","","18","2","YES"
"Agrequima","OtroIngreso","6","userid","int","","10","0","YES"
"Agrequima","OtroIngreso","7","fechamod","datetime","","","","YES"
"Agrequima","SaldoBancario","1","concepto","varchar","100","","","NO"
"Agrequima","SaldoBancario","2","anio","int","","10","0","NO"
"Agrequima","SaldoBancario","3","mes","int","","10","0","NO"
"Agrequima","SaldoBancario","4","banco","varchar","100","","","NO"
"Agrequima","SaldoBancario","5","valor","decimal","","18","2","YES"
"Agrequima","SaldoBancario","6","userid","int","","10","0","YES"
"Agrequima","SaldoBancario","7","fechamod","datetime","","","","YES"
