Ejecutado,Aporte Fundación Hanns R. Neumann Stiftung,2025,1,0.00
Presupuesto,Aporte Fundación Hanns R. Neumann Stiftung,2025,1,0.00
Ejecutado,Aporte Industria Fertilizantes,2025,1,0.00
Presupuesto,Aporte Industria Fertilizantes,2025,1,237000.00
Ejecutado,"Carnet Aplicadores y Certificados, Cursos, Capacitaciones y Talleres y otras donaciones",2025,1,5025.00
Presupuesto,"Carnet Aplicadores y Certificados, Cursos, Capacitaciones y Talleres y otras donaciones",2025,1,125000.00
Ejecutado,CropLife - Proyecto SPMF,2025,1,210893.80
Presupuesto,CropLife - Proyecto SPMF,2025,1,840000.00
Ejecutado,Gremiagro,2025,1,0.00
Presupuesto,Gremiagro,2025,1,350000.00
Ejecutado,Intereses Bancarios e Inversión,2025,1,955.25
Presupuesto,Intereses Bancarios e Inversión,2025,1,142200.05
Ejecutado,Localg.a.p. Guatemala,2025,1,0.00
Presupuesto,Localg.a.p. Guatemala,2025,1,0.00
Ejecutado,Proyecto ATRACSI,2025,1,0.00
Presupuesto,Proyecto ATRACSI,2025,1,197500.00
Ejecutado,"Venta de Material Reciclable(Chatarra, cartón, metal, plástico)",2025,1,112.50
Presupuesto,"Venta de Material Reciclable(Chatarra, cartón, metal, plástico)",2025,1,250000.00
Ejecutado,Venta de Sellos,2025,1,13536.00
Presupuesto,Venta de Sellos,2025,1,30000.00
Ejecutado,Venta de Vehículos,2025,1,0.00
Presupuesto,Venta de Vehículos,2025,1,0.00
Ejecutado,Venta Minicentros de Plástico Reciclado,2025,1,0.00
Presupuesto,Venta Minicentros de Plástico Reciclado,2025,1,20000.00
Ejecutado,Aporte Fundación Hanns R. Neumann Stiftung,2025,2,0.00
Presupuesto,Aporte Fundación Hanns R. Neumann Stiftung,2025,2,0.00
Ejecutado,Aporte Industria Fertilizantes,2025,2,0.00
Presupuesto,Aporte Industria Fertilizantes,2025,2,237000.00
Ejecutado,"Carnet Aplicadores y Certificados, Cursos, Capacitaciones y Talleres y otras donaciones",2025,2,13600.00
Presupuesto,"Carnet Aplicadores y Certificados, Cursos, Capacitaciones y Talleres y otras donaciones",2025,2,125000.00
Ejecutado,CropLife - Proyecto SPMF,2025,2,210893.80
Presupuesto,CropLife - Proyecto SPMF,2025,2,840000.00
Ejecutado,Gremiagro,2025,2,0.00
Presupuesto,Gremiagro,2025,2,350000.00
Ejecutado,Intereses Bancarios e Inversión,2025,2,1890.37
Presupuesto,Intereses Bancarios e Inversión,2025,2,142200.05
Ejecutado,Localg.a.p. Guatemala,2025,2,0.00
Presupuesto,Localg.a.p. Guatemala,2025,2,0.00
Ejecutado,Proyecto ATRACSI,2025,2,0.00
Presupuesto,Proyecto ATRACSI,2025,2,197500.00
Ejecutado,"Venta de Material Reciclable(Chatarra, cartón, metal, plástico)",2025,2,23446.37
Presupuesto,"Venta de Material Reciclable(Chatarra, cartón, metal, plástico)",2025,2,250000.00
Ejecutado,Venta de Sellos,2025,2,19776.00
Presupuesto,Venta de Sellos,2025,2,30000.00
Ejecutado,Venta de Vehículos,2025,2,0.00
Presupuesto,Venta de Vehículos,2025,2,0.00
Ejecutado,Venta Minicentros de Plástico Reciclado,2025,2,0.00
Presupuesto,Venta Minicentros de Plástico Reciclado,2025,2,20000.00
Ejecutado,Aporte Fundación Hanns R. Neumann Stiftung,2025,3,152875.00
Presupuesto,Aporte Fundación Hanns R. Neumann Stiftung,2025,3,0.00
Ejecutado,Aporte Industria Fertilizantes,2025,3,0.00
Presupuesto,Aporte Industria Fertilizantes,2025,3,237000.00
Ejecutado,"Carnet Aplicadores y Certificados, Cursos, Capacitaciones y Talleres y otras donaciones",2025,3,20295.00
Presupuesto,"Carnet Aplicadores y Certificados, Cursos, Capacitaciones y Talleres y otras donaciones",2025,3,125000.00
Ejecutado,CropLife - Proyecto SPMF,2025,3,210893.80
Presupuesto,CropLife - Proyecto SPMF,2025,3,840000.00
Ejecutado,Gremiagro,2025,3,0.00
Presupuesto,Gremiagro,2025,3,350000.00
Ejecutado,Intereses Bancarios e Inversión,2025,3,62762.84
Presupuesto,Intereses Bancarios e Inversión,2025,3,142200.05
Ejecutado,Localg.a.p. Guatemala,2025,3,0.00
Presupuesto,Localg.a.p. Guatemala,2025,3,0.00
Ejecutado,Proyecto ATRACSI,2025,3,0.00
Presupuesto,Proyecto ATRACSI,2025,3,197500.00
Ejecutado,"Venta de Material Reciclable(Chatarra, cartón, metal, plástico)",2025,3,42939.24
Presupuesto,"Venta de Material Reciclable(Chatarra, cartón, metal, plástico)",2025,3,250000.00
Ejecutado,Venta de Sellos,2025,3,20256.00
Presupuesto,Venta de Sellos,2025,3,30000.00
Ejecutado,Venta de Vehículos,2025,3,0.00
Presupuesto,Venta de Vehículos,2025,3,0.00
Ejecutado,Venta Minicentros de Plástico Reciclado,2025,3,2232.14
Presupuesto,Venta Minicentros de Plástico Reciclado,2025,3,20000.00
Ejecutado,Aporte Fundación Hanns R. Neumann Stiftung,2025,4,152875.00
Presupuesto,Aporte Fundación Hanns R. Neumann Stiftung,2025,4,0.00
Ejecutado,Aporte Industria Fertilizantes,2025,4,0.00
Presupuesto,Aporte Industria Fertilizantes,2025,4,237000.00
Ejecutado,"Carnet Aplicadores y Certificados, Cursos, Capacitaciones y Talleres y otras donaciones",2025,4,30195.00
Presupuesto,"Carnet Aplicadores y Certificados, Cursos, Capacitaciones y Talleres y otras donaciones",2025,4,125000.00
Ejecutado,CropLife - Proyecto SPMF,2025,4,420389.10
Presupuesto,CropLife - Proyecto SPMF,2025,4,840000.00
Ejecutado,Gremiagro,2025,4,0.00
Presupuesto,Gremiagro,2025,4,350000.00
Ejecutado,Intereses Bancarios e Inversión,2025,4,63959.52
Presupuesto,Intereses Bancarios e Inversión,2025,4,142200.05
Ejecutado,Localg.a.p. Guatemala,2025,4,0.00
Presupuesto,Localg.a.p. Guatemala,2025,4,0.00
Ejecutado,Proyecto ATRACSI,2025,4,0.00
Presupuesto,Proyecto ATRACSI,2025,4,197500.00
Ejecutado,"Venta de Material Reciclable(Chatarra, cartón, metal, plástico)",2025,4,69141.09
Presupuesto,"Venta de Material Reciclable(Chatarra, cartón, metal, plástico)",2025,4,250000.00
Ejecutado,Venta de Sellos,2025,4,23056.00
Presupuesto,Venta de Sellos,2025,4,30000.00
Ejecutado,Venta de Vehículos,2025,4,0.00
Presupuesto,Venta de Vehículos,2025,4,0.00
Ejecutado,Venta Minicentros de Plástico Reciclado,2025,4,2232.14
Presupuesto,Venta Minicentros de Plástico Reciclado,2025,4,20000.00
Ejecutado,Aporte Fundación Hanns R. Neumann Stiftung,2025,5,152875.00
Presupuesto,Aporte Fundación Hanns R. Neumann Stiftung,2025,5,0.00
Ejecutado,Aporte Industria Fertilizantes,2025,5,0.00
Presupuesto,Aporte Industria Fertilizantes,2025,5,237000.00
Ejecutado,"Carnet Aplicadores y Certificados, Cursos, Capacitaciones y Talleres y otras donaciones",2025,5,58875.00
Presupuesto,"Carnet Aplicadores y Certificados, Cursos, Capacitaciones y Talleres y otras donaciones",2025,5,125000.00
Ejecutado,CropLife - Proyecto SPMF,2025,5,420389.10
Presupuesto,CropLife - Proyecto SPMF,2025,5,840000.00
Ejecutado,Gremiagro,2025,5,0.00
Presupuesto,Gremiagro,2025,5,350000.00
Ejecutado,Intereses Bancarios e Inversión,2025,5,65099.18
Presupuesto,Intereses Bancarios e Inversión,2025,5,142200.05
Ejecutado,Localg.a.p. Guatemala,2025,5,0.00
Presupuesto,Localg.a.p. Guatemala,2025,5,0.00
Ejecutado,Proyecto ATRACSI,2025,5,0.00
Presupuesto,Proyecto ATRACSI,2025,5,197500.00
Ejecutado,"Venta de Material Reciclable(Chatarra, cartón, metal, plástico)",2025,5,97125.90
Presupuesto,"Venta de Material Reciclable(Chatarra, cartón, metal, plástico)",2025,5,250000.00
Ejecutado,Venta de Sellos,2025,5,23216.00
Presupuesto,Venta de Sellos,2025,5,30000.00
Ejecutado,Venta de Vehículos,2025,5,0.00
Presupuesto,Venta de Vehículos,2025,5,0.00
Ejecutado,Venta Minicentros de Plástico Reciclado,2025,5,3348.21
Presupuesto,Venta Minicentros de Plástico Reciclado,2025,5,20000.00
Ejecutado,Aporte Fundación Hanns R. Neumann Stiftung,2025,6,152875.00
Presupuesto,Aporte Fundación Hanns R. Neumann Stiftung,2025,6,0.00
Ejecutado,Aporte Industria Fertilizantes,2025,6,0.00
Presupuesto,Aporte Industria Fertilizantes,2025,6,237000.00
Ejecutado,"Carnet Aplicadores y Certificados, Cursos, Capacitaciones y Talleres y otras donaciones",2025,6,70105.00
Presupuesto,"Carnet Aplicadores y Certificados, Cursos, Capacitaciones y Talleres y otras donaciones",2025,6,125000.00
Ejecutado,CropLife - Proyecto SPMF,2025,6,420389.10
Presupuesto,CropLife - Proyecto SPMF,2025,6,840000.00
Ejecutado,Gremiagro,2025,6,0.00
Presupuesto,Gremiagro,2025,6,350000.00
Ejecutado,Intereses Bancarios e Inversión,2025,6,66055.66
Presupuesto,Intereses Bancarios e Inversión,2025,6,142200.05
Ejecutado,Localg.a.p. Guatemala,2025,6,0.00
Presupuesto,Localg.a.p. Guatemala,2025,6,0.00
Ejecutado,Proyecto ATRACSI,2025,6,0.00
Presupuesto,Proyecto ATRACSI,2025,6,197500.00
Ejecutado,"Venta de Material Reciclable(Chatarra, cartón, metal, plástico)",2025,6,142026.18
Presupuesto,"Venta de Material Reciclable(Chatarra, cartón, metal, plástico)",2025,6,250000.00
Ejecutado,Venta de Sellos,2025,6,30416.00
Presupuesto,Venta de Sellos,2025,6,30000.00
Ejecutado,Venta de Vehículos,2025,6,0.00
Presupuesto,Venta de Vehículos,2025,6,0.00
Ejecutado,Venta Minicentros de Plástico Reciclado,2025,6,3348.21
Presupuesto,Venta Minicentros de Plástico Reciclado,2025,6,20000.00
Ejecutado,Aporte Fundación Hanns R. Neumann Stiftung,2025,7,152875.00
Presupuesto,Aporte Fundación Hanns R. Neumann Stiftung,2025,7,0.00
Ejecutado,Aporte Industria Fertilizantes,2025,7,0.00
Presupuesto,Aporte Industria Fertilizantes,2025,7,237000.00
Ejecutado,"Carnet Aplicadores y Certificados, Cursos, Capacitaciones y Talleres y otras donaciones",2025,7,90035.00
Presupuesto,"Carnet Aplicadores y Certificados, Cursos, Capacitaciones y Talleres y otras donaciones",2025,7,125000.00
Ejecutado,CropLife - Proyecto SPMF,2025,7,629325.00
Presupuesto,CropLife - Proyecto SPMF,2025,7,840000.00
Ejecutado,Gremiagro,2025,7,100000.00
Presupuesto,Gremiagro,2025,7,350000.00
Ejecutado,Intereses Bancarios e Inversión,2025,7,67158.79
Presupuesto,Intereses Bancarios e Inversión,2025,7,142200.05
Ejecutado,Localg.a.p. Guatemala,2025,7,0.00
Presupuesto,Localg.a.p. Guatemala,2025,7,0.00
Ejecutado,Proyecto ATRACSI,2025,7,0.00
Presupuesto,Proyecto ATRACSI,2025,7,197500.00
Ejecutado,"Venta de Material Reciclable(Chatarra, cartón, metal, plástico)",2025,7,165306.66
Presupuesto,"Venta de Material Reciclable(Chatarra, cartón, metal, plástico)",2025,7,250000.00
Ejecutado,Venta de Sellos,2025,7,30896.00
Presupuesto,Venta de Sellos,2025,7,30000.00
Ejecutado,Venta de Vehículos,2025,7,0.00
Presupuesto,Venta de Vehículos,2025,7,0.00
Ejecutado,Venta Minicentros de Plástico Reciclado,2025,7,3348.21
Presupuesto,Venta Minicentros de Plástico Reciclado,2025,7,20000.00
Ejecutado,Aporte Fundación Hanns R. Neumann Stiftung,2025,8,152875.00
Presupuesto,Aporte Fundación Hanns R. Neumann Stiftung,2025,8,0.00
Ejecutado,Aporte Industria Fertilizantes,2025,8,0.00
Presupuesto,Aporte Industria Fertilizantes,2025,8,237000.00
Ejecutado,"Carnet Aplicadores y Certificados, Cursos, Capacitaciones y Talleres y otras donaciones",2025,8,98715.00
Presupuesto,"Carnet Aplicadores y Certificados, Cursos, Capacitaciones y Talleres y otras donaciones",2025,8,125000.00
Ejecutado,CropLife - Proyecto SPMF,2025,8,629325.00
Presupuesto,CropLife - Proyecto SPMF,2025,8,840000.00
Ejecutado,Gremiagro,2025,8,100000.00
Presupuesto,Gremiagro,2025,8,350000.00
Ejecutado,Intereses Bancarios e Inversión,2025,8,68459.14
Presupuesto,Intereses Bancarios e Inversión,2025,8,142200.05
Ejecutado,Localg.a.p. Guatemala,2025,8,0.00
Presupuesto,Localg.a.p. Guatemala,2025,8,0.00
Ejecutado,Proyecto ATRACSI,2025,8,0.00
Presupuesto,Proyecto ATRACSI,2025,8,197500.00
Ejecutado,"Venta de Material Reciclable(Chatarra, cartón, metal, plástico)",2025,8,195204.90
Presupuesto,"Venta de Material Reciclable(Chatarra, cartón, metal, plástico)",2025,8,250000.00
Ejecutado,Venta de Sellos,2025,8,32896.00
Presupuesto,Venta de Sellos,2025,8,30000.00
Ejecutado,Venta de Vehículos,2025,8,0.00
Presupuesto,Venta de Vehículos,2025,8,0.00
Ejecutado,Venta Minicentros de Plástico Reciclado,2025,8,15625.00
Presupuesto,Venta Minicentros de Plástico Reciclado,2025,8,20000.00
Ejecutado,Aporte Fundación Hanns R. Neumann Stiftung,2025,9,152875.00
Presupuesto,Aporte Fundación Hanns R. Neumann Stiftung,2025,9,0.00
Ejecutado,Aporte Industria Fertilizantes,2025,9,0.00
Presupuesto,Aporte Industria Fertilizantes,2025,9,237000.00
Ejecutado,"Carnet Aplicadores y Certificados, Cursos, Capacitaciones y Talleres y otras donaciones",2025,9,101875.00
Presupuesto,"Carnet Aplicadores y Certificados, Cursos, Capacitaciones y Talleres y otras donaciones",2025,9,125000.00
Ejecutado,CropLife - Proyecto SPMF,2025,9,629325.00
Presupuesto,CropLife - Proyecto SPMF,2025,9,840000.00
Ejecutado,Gremiagro,2025,9,200000.00
Presupuesto,Gremiagro,2025,9,350000.00
Ejecutado,Intereses Bancarios e Inversión,2025,9,160343.42
Presupuesto,Intereses Bancarios e Inversión,2025,9,142200.05
Ejecutado,Localg.a.p. Guatemala,2025,9,0.00
Presupuesto,Localg.a.p. Guatemala,2025,9,0.00
Ejecutado,Proyecto ATRACSI,2025,9,0.00
Presupuesto,Proyecto ATRACSI,2025,9,197500.00
Ejecutado,"Venta de Material Reciclable(Chatarra, cartón, metal, plástico)",2025,9,229560.19
Presupuesto,"Venta de Material Reciclable(Chatarra, cartón, metal, plástico)",2025,9,250000.00
Ejecutado,Venta de Sellos,2025,9,39696.00
Presupuesto,Venta de Sellos,2025,9,30000.00
Ejecutado,Venta de Vehículos,2025,9,0.00
Presupuesto,Venta de Vehículos,2025,9,0.00
Ejecutado,Venta Minicentros de Plástico Reciclado,2025,9,15625.00
Presupuesto,Venta Minicentros de Plástico Reciclado,2025,9,20000.00
Ejecutado,Aporte Fundación Hanns R. Neumann Stiftung,2025,10,152875.00
Presupuesto,Aporte Fundación Hanns R. Neumann Stiftung,2025,10,0.00
Ejecutado,Aporte Industria Fertilizantes,2025,10,0.00
Presupuesto,Aporte Industria Fertilizantes,2025,10,237000.00
Ejecutado,"Carnet Aplicadores y Certificados, Cursos, Capacitaciones y Talleres y otras donaciones",2025,10,116840.00
Presupuesto,"Carnet Aplicadores y Certificados, Cursos, Capacitaciones y Talleres y otras donaciones",2025,10,125000.00
Ejecutado,CropLife - Proyecto SPMF,2025,10,837981.20
Presupuesto,CropLife - Proyecto SPMF,2025,10,840000.00
Ejecutado,Gremiagro,2025,10,200000.00
Presupuesto,Gremiagro,2025,10,350000.00
Ejecutado,Intereses Bancarios e Inversión,2025,10,161486.68
Presupuesto,Intereses Bancarios e Inversión,2025,10,142200.05
Ejecutado,Localg.a.p. Guatemala,2025,10,0.00
Presupuesto,Localg.a.p. Guatemala,2025,10,0.00
Ejecutado,Proyecto ATRACSI,2025,10,0.00
Presupuesto,Proyecto ATRACSI,2025,10,197500.00
Ejecutado,"Venta de Material Reciclable(Chatarra, cartón, metal, plástico)",2025,10,250658.43
Presupuesto,"Venta de Material Reciclable(Chatarra, cartón, metal, plástico)",2025,10,250000.00
Ejecutado,Venta de Sellos,2025,10,40176.00
Presupuesto,Venta de Sellos,2025,10,30000.00
Ejecutado,Venta de Vehículos,2025,10,15000.00
Presupuesto,Venta de Vehículos,2025,10,0.00
Ejecutado,Venta Minicentros de Plástico Reciclado,2025,10,15625.00
Presupuesto,Venta Minicentros de Plástico Reciclado,2025,10,20000.00
Ejecutado,Aporte Fundación Hanns R. Neumann Stiftung,2025,11,152875.00
Presupuesto,Aporte Fundación Hanns R. Neumann Stiftung,2025,11,0.00
Ejecutado,Aporte Industria Fertilizantes,2025,11,0.00
Presupuesto,Aporte Industria Fertilizantes,2025,11,237000.00
Ejecutado,"Carnet Aplicadores y Certificados, Cursos, Capacitaciones y Talleres y otras donaciones",2025,11,127240.00
Presupuesto,"Carnet Aplicadores y Certificados, Cursos, Capacitaciones y Talleres y otras donaciones",2025,11,125000.00
Ejecutado,CropLife - Proyecto SPMF,2025,11,837981.20
Presupuesto,CropLife - Proyecto SPMF,2025,11,840000.00
Ejecutado,Gremiagro,2025,11,200000.00
Presupuesto,Gremiagro,2025,11,350000.00
Ejecutado,Intereses Bancarios e Inversión,2025,11,162485.08
Presupuesto,Intereses Bancarios e Inversión,2025,11,142200.05
Ejecutado,Localg.a.p. Guatemala,2025,11,0.00
Presupuesto,Localg.a.p. Guatemala,2025,11,0.00
Ejecutado,Proyecto ATRACSI,2025,11,0.00
Presupuesto,Proyecto ATRACSI,2025,11,197500.00
Ejecutado,"Venta de Material Reciclable(Chatarra, cartón, metal, plástico)",2025,11,250658.43
Presupuesto,"Venta de Material Reciclable(Chatarra, cartón, metal, plástico)",2025,11,250000.00
Ejecutado,Venta de Sellos,2025,11,42896.00
Presupuesto,Venta de Sellos,2025,11,30000.00
Ejecutado,Venta de Vehículos,2025,11,15000.00
Presupuesto,Venta de Vehículos,2025,11,0.00
Ejecutado,Venta Minicentros de Plástico Reciclado,2025,11,24553.57
Presupuesto,Venta Minicentros de Plástico Reciclado,2025,11,20000.00
Ejecutado,Aporte Fundación Hanns R. Neumann Stiftung,2025,12,152875.00
Presupuesto,Aporte Fundación Hanns R. Neumann Stiftung,2025,12,0.00
Ejecutado,Aporte Industria Fertilizantes,2025,12,0.00
Presupuesto,Aporte Industria Fertilizantes,2025,12,237000.00
Ejecutado,"Carnet Aplicadores y Certificados, Cursos, Capacitaciones y Talleres y otras donaciones",2025,12,144449.37
Presupuesto,"Carnet Aplicadores y Certificados, Cursos, Capacitaciones y Talleres y otras donaciones",2025,12,125000.00
Ejecutado,CropLife - Proyecto SPMF,2025,12,837981.20
Presupuesto,CropLife - Proyecto SPMF,2025,12,840000.00
Ejecutado,Gremiagro,2025,12,300000.00
Presupuesto,Gremiagro,2025,12,350000.00
Ejecutado,Intereses Bancarios e Inversión,2025,12,176472.22
Presupuesto,Intereses Bancarios e Inversión,2025,12,142200.05
Ejecutado,Localg.a.p. Guatemala,2025,12,0.00
Presupuesto,Localg.a.p. Guatemala,2025,12,0.00
Ejecutado,Proyecto ATRACSI,2025,12,0.00
Presupuesto,Proyecto ATRACSI,2025,12,197500.00
Ejecutado,"Venta de Material Reciclable(Chatarra, cartón, metal, plástico)",2025,12,354690.29
Presupuesto,"Venta de Material Reciclable(Chatarra, cartón, metal, plástico)",2025,12,250000.00
Ejecutado,Venta de Sellos,2025,12,42896.00
Presupuesto,Venta de Sellos,2025,12,30000.00
Ejecutado,Venta de Vehículos,2025,12,15000.00
Presupuesto,Venta de Vehículos,2025,12,0.00
Ejecutado,Venta Minicentros de Plástico Reciclado,2025,12,24553.57
Presupuesto,Venta Minicentros de Plástico Reciclado,2025,12,20000.00
Ejecutado,Aporte Fundación Hanns R. Neumann Stiftung,2026,1,0.00
Presupuesto,Aporte Fundación Hanns R. Neumann Stiftung,2026,1,78000.00
Ejecutado,Aporte Industria Fertilizantes,2026,1,0.00
Presupuesto,Aporte Industria Fertilizantes,2026,1,0.00
Ejecutado,"Carnet Aplicadores y Certificados, Cursos, Capacitaciones y Talleres y otras donaciones",2026,1,3882.10
Presupuesto,"Carnet Aplicadores y Certificados, Cursos, Capacitaciones y Talleres y otras donaciones",2026,1,125000.00
Ejecutado,CropLife - Proyecto SPMF,2026,1,210893.80
Presupuesto,CropLife - Proyecto SPMF,2026,1,637500.00
Ejecutado,Gremiagro,2026,1,0.00
Presupuesto,Gremiagro,2026,1,300000.00
Ejecutado,Intereses Bancarios e Inversión,2026,1,9004.83
Presupuesto,Intereses Bancarios e Inversión,2026,1,229950.00
Ejecutado,Localg.a.p. Guatemala,2026,1,0.00
Presupuesto,Localg.a.p. Guatemala,2026,1,0.00
Ejecutado,Proyecto ATRACSI,2026,1,0.00
Presupuesto,Proyecto ATRACSI,2026,1,0.00
Ejecutado,"Venta de Material Reciclable(Chatarra, cartón, metal, plástico)",2026,1,0.00
Presupuesto,"Venta de Material Reciclable(Chatarra, cartón, metal, plástico)",2026,1,275000.00
Ejecutado,Venta de Sellos,2026,1,6560.00
Presupuesto,Venta de Sellos,2026,1,40000.00
Ejecutado,Venta de Vehículos,2026,1,0.00
Presupuesto,Venta de Vehículos,2026,1,225000.00
Ejecutado,Venta Minicentros de Plástico Reciclado,2026,1,0.00
Presupuesto,Venta Minicentros de Plástico Reciclado,2026,1,20000.00
Ejecutado,Aporte Fundación Hanns R. Neumann Stiftung,2026,2,0.00
Presupuesto,Aporte Fundación Hanns R. Neumann Stiftung,2026,2,78000.00
Ejecutado,Aporte Industria Fertilizantes,2026,2,0.00
Presupuesto,Aporte Industria Fertilizantes,2026,2,0.00
Ejecutado,"Carnet Aplicadores y Certificados, Cursos, Capacitaciones y Talleres y otras donaciones",2026,2,17502.10
Presupuesto,"Carnet Aplicadores y Certificados, Cursos, Capacitaciones y Talleres y otras donaciones",2026,2,125000.00
Ejecutado,CropLife - Proyecto SPMF,2026,2,210893.80
Presupuesto,CropLife - Proyecto SPMF,2026,2,637500.00
Ejecutado,Gremiagro,2026,2,0.00
Presupuesto,Gremiagro,2026,2,300000.00
Ejecutado,Intereses Bancarios e Inversión,2026,2,17064.96
Presupuesto,Intereses Bancarios e Inversión,2026,2,229950.00
Ejecutado,Localg.a.p. Guatemala,2026,2,0.00
Presupuesto,Localg.a.p. Guatemala,2026,2,0.00
Ejecutado,Proyecto ATRACSI,2026,2,0.00
Presupuesto,Proyecto ATRACSI,2026,2,0.00
Ejecutado,"Venta de Material Reciclable(Chatarra, cartón, metal, plástico)",2026,2,14130.49
Presupuesto,"Venta de Material Reciclable(Chatarra, cartón, metal, plástico)",2026,2,275000.00
Ejecutado,Venta de Sellos,2026,2,10880.00
Presupuesto,Venta de Sellos,2026,2,40000.00
Ejecutado,Venta de Vehículos,2026,2,0.00
Presupuesto,Venta de Vehículos,2026,2,225000.00
Ejecutado,Venta Minicentros de Plástico Reciclado,2026,2,0.00
Presupuesto,Venta Minicentros de Plástico Reciclado,2026,2,20000.00
Ejecutado,Aporte Fundación Hanns R. Neumann Stiftung,2026,3,0.00
Presupuesto,Aporte Fundación Hanns R. Neumann Stiftung,2026,3,78000.00
Ejecutado,Aporte Industria Fertilizantes,2026,3,0.00
Presupuesto,Aporte Industria Fertilizantes,2026,3,0.00
Ejecutado,"Carnet Aplicadores y Certificados, Cursos, Capacitaciones y Talleres y otras donaciones",2026,3,24972.10
Presupuesto,"Carnet Aplicadores y Certificados, Cursos, Capacitaciones y Talleres y otras donaciones",2026,3,125000.00
Ejecutado,CropLife - Proyecto SPMF,2026,3,210893.80
Presupuesto,CropLife - Proyecto SPMF,2026,3,637500.00
Ejecutado,Gremiagro,2026,3,0.00
Presupuesto,Gremiagro,2026,3,300000.00
Ejecutado,Intereses Bancarios e Inversión,2026,3,86372.11
Presupuesto,Intereses Bancarios e Inversión,2026,3,229950.00
Ejecutado,Localg.a.p. Guatemala,2026,3,0.00
Presupuesto,Localg.a.p. Guatemala,2026,3,0.00
Ejecutado,Proyecto ATRACSI,2026,3,0.00
Presupuesto,Proyecto ATRACSI,2026,3,0.00
Ejecutado,"Venta de Material Reciclable(Chatarra, cartón, metal, plástico)",2026,3,39940.73
Presupuesto,"Venta de Material Reciclable(Chatarra, cartón, metal, plástico)",2026,3,275000.00
Ejecutado,Venta de Sellos,2026,3,11360.00
Presupuesto,Venta de Sellos,2026,3,40000.00
Ejecutado,Venta de Vehículos,2026,3,0.00
Presupuesto,Venta de Vehículos,2026,3,225000.00
Ejecutado,Venta Minicentros de Plástico Reciclado,2026,3,0.00
Presupuesto,Venta Minicentros de Plástico Reciclado,2026,3,20000.00
Ejecutado,Aporte Fundación Hanns R. Neumann Stiftung,2026,4,0.00
Presupuesto,Aporte Fundación Hanns R. Neumann Stiftung,2026,4,78000.00
Ejecutado,Aporte Industria Fertilizantes,2026,4,0.00
Presupuesto,Aporte Industria Fertilizantes,2026,4,0.00
Ejecutado,"Carnet Aplicadores y Certificados, Cursos, Capacitaciones y Talleres y otras donaciones",2026,4,33012.10
Presupuesto,"Carnet Aplicadores y Certificados, Cursos, Capacitaciones y Talleres y otras donaciones",2026,4,125000.00
Ejecutado,CropLife - Proyecto SPMF,2026,4,210893.80
Presupuesto,CropLife - Proyecto SPMF,2026,4,637500.00
Ejecutado,Gremiagro,2026,4,0.00
Presupuesto,Gremiagro,2026,4,300000.00
Ejecutado,Intereses Bancarios e Inversión,2026,4,95112.96
Presupuesto,Intereses Bancarios e Inversión,2026,4,229950.00
Ejecutado,Localg.a.p. Guatemala,2026,4,0.00
Presupuesto,Localg.a.p. Guatemala,2026,4,0.00
Ejecutado,Proyecto ATRACSI,2026,4,0.00
Presupuesto,Proyecto ATRACSI,2026,4,0.00
Ejecutado,"Venta de Material Reciclable(Chatarra, cartón, metal, plástico)",2026,4,39940.73
Presupuesto,"Venta de Material Reciclable(Chatarra, cartón, metal, plástico)",2026,4,275000.00
Ejecutado,Venta de Sellos,2026,4,19760.00
Presupuesto,Venta de Sellos,2026,4,40000.00
Ejecutado,Venta de Vehículos,2026,4,0.00
Presupuesto,Venta de Vehículos,2026,4,225000.00
Ejecutado,Venta Minicentros de Plástico Reciclado,2026,4,0.00
Presupuesto,Venta Minicentros de Plástico Reciclado,2026,4,20000.00
Ejecutado,Aporte Fundación Hanns R. Neumann Stiftung,2026,5,36250.00
Presupuesto,Aporte Fundación Hanns R. Neumann Stiftung,2026,5,78000.00
Ejecutado,Aporte Industria Fertilizantes,2026,5,0.00
Presupuesto,Aporte Industria Fertilizantes,2026,5,0.00
Ejecutado,"Carnet Aplicadores y Certificados, Cursos, Capacitaciones y Talleres y otras donaciones",2026,5,83389.01
Presupuesto,"Carnet Aplicadores y Certificados, Cursos, Capacitaciones y Talleres y otras donaciones",2026,5,125000.00
Ejecutado,CropLife - Proyecto SPMF,2026,5,418990.60
Presupuesto,CropLife - Proyecto SPMF,2026,5,637500.00
Ejecutado,Gremiagro,2026,5,100000.00
Presupuesto,Gremiagro,2026,5,300000.00
Ejecutado,Intereses Bancarios e Inversión,2026,5,104126.68
Presupuesto,Intereses Bancarios e Inversión,2026,5,229950.00
Ejecutado,Localg.a.p. Guatemala,2026,5,0.00
Presupuesto,Localg.a.p. Guatemala,2026,5,0.00
Ejecutado,Proyecto ATRACSI,2026,5,0.00
Presupuesto,Proyecto ATRACSI,2026,5,0.00
Ejecutado,"Venta de Material Reciclable(Chatarra, cartón, metal, plástico)",2026,5,118063.53
Presupuesto,"Venta de Material Reciclable(Chatarra, cartón, metal, plástico)",2026,5,275000.00
Ejecutado,Venta de Sellos,2026,5,31360.00
Presupuesto,Venta de Sellos,2026,5,40000.00
Ejecutado,Venta de Vehículos,2026,5,0.00
Presupuesto,Venta de Vehículos,2026,5,225000.00
Ejecutado,Venta Minicentros de Plástico Reciclado,2026,5,0.00
Presupuesto,Venta Minicentros de Plástico Reciclado,2026,5,20000.00
Ejecutado,Aporte Fundación Hanns R. Neumann Stiftung,2026,6,36250.00
Presupuesto,Aporte Fundación Hanns R. Neumann Stiftung,2026,6,78000.00
Ejecutado,Aporte Industria Fertilizantes,2026,6,0.00
Presupuesto,Aporte Industria Fertilizantes,2026,6,0.00
Ejecutado,"Carnet Aplicadores y Certificados, Cursos, Capacitaciones y Talleres y otras donaciones",2026,6,86399.01
Presupuesto,"Carnet Aplicadores y Certificados, Cursos, Capacitaciones y Talleres y otras donaciones",2026,6,125000.00
Ejecutado,CropLife - Proyecto SPMF,2026,6,418990.60
Presupuesto,CropLife - Proyecto SPMF,2026,6,637500.00
Ejecutado,Gremiagro,2026,6,100000.00
Presupuesto,Gremiagro,2026,6,300000.00
Ejecutado,Intereses Bancarios e Inversión,2026,6,112961.99
Presupuesto,Intereses Bancarios e Inversión,2026,6,229950.00
Ejecutado,Localg.a.p. Guatemala,2026,6,0.00
Presupuesto,Localg.a.p. Guatemala,2026,6,0.00
Ejecutado,Proyecto ATRACSI,2026,6,0.00
Presupuesto,Proyecto ATRACSI,2026,6,0.00
Ejecutado,"Venta de Material Reciclable(Chatarra, cartón, metal, plástico)",2026,6,187519.29
Presupuesto,"Venta de Material Reciclable(Chatarra, cartón, metal, plástico)",2026,6,275000.00
Ejecutado,Venta de Sellos,2026,6,32560.00
Presupuesto,Venta de Sellos,2026,6,40000.00
Ejecutado,Venta de Vehículos,2026,6,0.00
Presupuesto,Venta de Vehículos,2026,6,225000.00
Ejecutado,Venta Minicentros de Plástico Reciclado,2026,6,4464.29
Presupuesto,Venta Minicentros de Plástico Reciclado,2026,6,20000.00
Ejecutado,Aporte Fundación Hanns R. Neumann Stiftung,2026,7,36250.00
Presupuesto,Aporte Fundación Hanns R. Neumann Stiftung,2026,7,78000.00
Ejecutado,Aporte Industria Fertilizantes,2026,7,0.00
Presupuesto,Aporte Industria Fertilizantes,2026,7,0.00
Ejecutado,"Carnet Aplicadores y Certificados, Cursos, Capacitaciones y Talleres y otras donaciones",2026,7,91484.01
Presupuesto,"Carnet Aplicadores y Certificados, Cursos, Capacitaciones y Talleres y otras donaciones",2026,7,125000.00
Ejecutado,CropLife - Proyecto SPMF,2026,7,626528.00
Presupuesto,CropLife - Proyecto SPMF,2026,7,637500.00
Ejecutado,Gremiagro,2026,7,100000.00
Presupuesto,Gremiagro,2026,7,300000.00
Ejecutado,Intereses Bancarios e Inversión,2026,7,122197.25
Presupuesto,Intereses Bancarios e Inversión,2026,7,229950.00
Ejecutado,Localg.a.p. Guatemala,2026,7,0.00
Presupuesto,Localg.a.p. Guatemala,2026,7,0.00
Ejecutado,Proyecto ATRACSI,2026,7,0.00
Presupuesto,Proyecto ATRACSI,2026,7,0.00
Ejecutado,"Venta de Material Reciclable(Chatarra, cartón, metal, plástico)",2026,7,222502.11
Presupuesto,"Venta de Material Reciclable(Chatarra, cartón, metal, plástico)",2026,7,275000.00
Ejecutado,Venta de Sellos,2026,7,34160.00
Presupuesto,Venta de Sellos,2026,7,40000.00
Ejecutado,Venta de Vehículos,2026,7,0.00
Presupuesto,Venta de Vehículos,2026,7,225000.00
Ejecutado,Venta Minicentros de Plástico Reciclado,2026,7,4464.29
Presupuesto,Venta Minicentros de Plástico Reciclado,2026,7,20000.00
Ejecutado,Aporte Fundación Hanns R. Neumann Stiftung,2026,8,36250.00
Presupuesto,Aporte Fundación Hanns R. Neumann Stiftung,2026,8,78000.00
Ejecutado,Aporte Industria Fertilizantes,2026,8,0.00
Presupuesto,Aporte Industria Fertilizantes,2026,8,0.00
Ejecutado,"Carnet Aplicadores y Certificados, Cursos, Capacitaciones y Talleres y otras donaciones",2026,8,96799.01
Presupuesto,"Carnet Aplicadores y Certificados, Cursos, Capacitaciones y Talleres y otras donaciones",2026,8,125000.00
Ejecutado,CropLife - Proyecto SPMF,2026,8,626528.00
Presupuesto,CropLife - Proyecto SPMF,2026,8,637500.00
Ejecutado,Gremiagro,2026,8,100000.00
Presupuesto,Gremiagro,2026,8,300000.00
Ejecutado,Intereses Bancarios e Inversión,2026,8,131300.57
Presupuesto,Intereses Bancarios e Inversión,2026,8,229950.00
Ejecutado,Localg.a.p. Guatemala,2026,8,0.00
Presupuesto,Localg.a.p. Guatemala,2026,8,0.00
Ejecutado,Proyecto ATRACSI,2026,8,0.00
Presupuesto,Proyecto ATRACSI,2026,8,0.00
Ejecutado,"Venta de Material Reciclable(Chatarra, cartón, metal, plástico)",2026,8,255115.09
Presupuesto,"Venta de Material Reciclable(Chatarra, cartón, metal, plástico)",2026,8,275000.00
Ejecutado,Venta de Sellos,2026,8,34640.00
Presupuesto,Venta de Sellos,2026,8,40000.00
Ejecutado,Venta de Vehículos,2026,8,0.00
Presupuesto,Venta de Vehículos,2026,8,225000.00
Ejecutado,Venta Minicentros de Plástico Reciclado,2026,8,4464.29
Presupuesto,Venta Minicentros de Plástico Reciclado,2026,8,20000.00
