Creditos,2025,1,BANCOR,877227.24
Debitos,2025,1,BANCOR,475462.21
Saldo inicial,2025,1,BANCOR,3684688.08
Creditos,2025,1,BANRURAL,1020728.86
Debitos,2025,1,BANRURAL,842559.62
Saldo inicial,2025,1,BANRURAL,372643.49
Creditos,2025,1,BI,0.00
Debitos,2025,1,BI,0.00
Saldo inicial,2025,1,BI,1217347.96
Creditos,2025,2,BANCOR,723343.31
Debitos,2025,2,BANCOR,570052.20
Saldo inicial,2025,2,BANCOR,4086453.11
Creditos,2025,2,BANRURAL,808005.14
Debitos,2025,2,BANRURAL,726986.94
Saldo inicial,2025,2,BANRURAL,550812.73
Creditos,2025,2,BI,0.00
Debitos,2025,2,BI,0.00
Saldo inicial,2025,2,BI,1217347.96
Creditos,2025,3,BANCOR,1019738.25
Debitos,2025,3,BANCOR,526766.59
Saldo inicial,2025,3,BANCOR,4239744.22
Creditos,2025,3,BANRURAL,857709.25
Debitos,2025,3,BANRURAL,1087531.19
Saldo inicial,2025,3,BANRURAL,631830.93
Creditos,2025,3,BI,12314.48
Debitos,2025,3,BI,0.00
Saldo inicial,2025,3,BI,1217347.96
Creditos,2025,4,BANCOR,2463048.02
Debitos,2025,4,BANCOR,895419.86
Saldo inicial,2025,4,BANCOR,4732715.88
Creditos,2025,4,BANRURAL,1181768.14
Debitos,2025,4,BANRURAL,1218353.72
Saldo inicial,2025,4,BANRURAL,402008.99
Creditos,2025,4,BI,0.00
Debitos,2025,4,BI,1200000.00
Saldo inicial,2025,4,BI,1229662.44
Creditos,2025,5,BANCOR,574777.77
Debitos,2025,5,BANCOR,507337.47
Saldo inicial,2025,5,BANCOR,6300344.04
Creditos,2025,5,BANRURAL,633225.98
Debitos,2025,5,BANRURAL,683830.88
Saldo inicial,2025,5,BANRURAL,365423.41
Creditos,2025,5,BI,0.00
Debitos,2025,5,BI,0.00
Saldo inicial,2025,5,BI,29662.44
Creditos,2025,6,BANCOR,227375.15
Debitos,2025,6,BANCOR,824999.26
Saldo inicial,2025,6,BANCOR,6367784.34
Creditos,2025,6,BANRURAL,593619.59
Debitos,2025,6,BANRURAL,689327.07
Saldo inicial,2025,6,BANRURAL,314818.51
Creditos,2025,6,BI,0.00
Debitos,2025,6,BI,0.00
Saldo inicial,2025,6,BI,29662.44
Creditos,2025,7,BANCOR,957574.81
Debitos,2025,7,BANCOR,737980.52
Saldo inicial,2025,7,BANCOR,5770160.23
Creditos,2025,7,BANRURAL,918952.92
Debitos,2025,7,BANRURAL,819824.50
Saldo inicial,2025,7,BANRURAL,219111.03
Creditos,2025,7,BI,100000.00
Debitos,2025,7,BI,0.00
Saldo inicial,2025,7,BI,29662.44
Creditos,2025,8,BANCOR,641025.22
Debitos,2025,8,BANCOR,512122.23
Saldo inicial,2025,8,BANCOR,5989754.52
Creditos,2025,8,BANRURAL,952212.94
Debitos,2025,8,BANRURAL,338276.12
Saldo inicial,2025,8,BANRURAL,318239.45
Creditos,2025,8,BI,100000.00
Debitos,2025,8,BI,0.00
Saldo inicial,2025,8,BI,29662.44
Creditos,2025,9,BANCOR,716296.49
Debitos,2025,9,BANCOR,554598.50
Saldo inicial,2025,9,BANCOR,6118657.51
Creditos,2025,9,BANRURAL,689421.30
Debitos,2025,9,BANRURAL,1393059.19
Saldo inicial,2025,9,BANRURAL,932176.27
Creditos,2025,9,BI,0.00
Debitos,2025,9,BI,0.00
Saldo inicial,2025,9,BI,129662.44
Creditos,2025,10,BANCOR,235554.87
Debitos,2025,10,BANCOR,506796.57
Saldo inicial,2025,10,BANCOR,6280355.50
Creditos,2025,10,BANRURAL,817457.95
Debitos,2025,10,BANRURAL,430237.06
Saldo inicial,2025,10,BANRURAL,228538.38
Creditos,2025,10,BI,0.00
Debitos,2025,10,BI,0.00
Saldo inicial,2025,10,BI,129662.44
Creditos,2025,11,BANCOR,46089.88
Debitos,2025,11,BANCOR,2015645.80
Saldo inicial,2025,11,BANCOR,6009113.80
Creditos,2025,11,BANRURAL,676976.75
Debitos,2025,11,BANRURAL,1073473.87
Saldo inicial,2025,11,BANRURAL,615759.27
Creditos,2025,11,BI,0.00
Debitos,2025,11,BI,0.00
Saldo inicial,2025,11,BI,129662.44
Creditos,2025,11,PROMERICA,4567.75
Debitos,2025,11,PROMERICA,0.00
Saldo inicial,2025,11,PROMERICA,0.00
Creditos,2025,12,BANCOR,50062.24
Debitos,2025,12,BANCOR,766871.70
Saldo inicial,2025,12,BANCOR,4039557.88
Creditos,2025,12,BANRURAL,427431.34
Debitos,2025,12,BANRURAL,419432.75
Saldo inicial,2025,12,BANRURAL,219262.15
Creditos,2025,12,BI,201050.00
Debitos,2025,12,BI,0.00
Saldo inicial,2025,12,BI,129662.44
Creditos,2025,12,PROMERICA,7452.65
Debitos,2025,12,PROMERICA,40.00
Saldo inicial,2025,12,PROMERICA,4567.75
Creditos,2026,1,BANCOR,336934.98
Debitos,2026,1,BANCOR,539527.70
Saldo inicial,2026,1,BANCOR,3322748.42
Creditos,2026,1,BANRURAL,565146.18
Debitos,2026,1,BANRURAL,339601.07
Saldo inicial,2026,1,BANRURAL,227260.74
Creditos,2026,1,BI,0.00
Debitos,2026,1,BI,0.00
Saldo inicial,2026,1,BI,330712.44
Creditos,2026,1,PROMERICA,7452.65
Debitos,2026,1,PROMERICA,0.00
Saldo inicial,2026,1,PROMERICA,11980.40
Creditos,2026,2,BANCOR,176680.98
Debitos,2026,2,BANCOR,547443.82
Saldo inicial,2026,2,BANCOR,3120155.70
Creditos,2026,2,BANRURAL,217980.63
Debitos,2026,2,BANRURAL,198780.18
Saldo inicial,2026,2,BANRURAL,266348.95
Creditos,2026,2,BI,1875.00
Debitos,2026,2,BI,0.00
Saldo inicial,2026,2,BI,330712.44
Creditos,2026,2,PROMERICA,6731.42
Debitos,2026,2,PROMERICA,0.00
Saldo inicial,2026,2,PROMERICA,19433.05
Creditos,2026,3,BANCOR,456237.80
Debitos,2026,3,BANCOR,559489.57
Saldo inicial,2026,3,BANCOR,2749392.86
Creditos,2026,3,BANRURAL,649585.04
Debitos,2026,3,BANRURAL,560411.99
Saldo inicial,2026,3,BANRURAL,285549.40
Creditos,2026,3,BI,8761.73
Debitos,2026,3,BI,0.00
Saldo inicial,2026,3,BI,332587.44
Creditos,2026,3,PROMERICA,7452.65
Debitos,2026,3,PROMERICA,0.00
Saldo inicial,2026,3,PROMERICA,26164.47
Creditos,2026,4,BANCOR,708498.44
Debitos,2026,4,BANCOR,486003.59
Saldo inicial,2026,4,BANCOR,2646141.09
Creditos,2026,4,BANRURAL,667217.83
Debitos,2026,4,BANRURAL,226028.46
Saldo inicial,2026,4,BANRURAL,374722.45
Creditos,2026,4,BI,0.00
Debitos,2026,4,BI,0.00
Saldo inicial,2026,4,BI,341349.17
Creditos,2026,4,PROMERICA,7212.24
Debitos,2026,4,PROMERICA,0.00
Saldo inicial,2026,4,PROMERICA,33617.12
Creditos,2026,5,BANCOR,457158.88
Debitos,2026,5,BANCOR,606773.08
Saldo inicial,2026,5,BANCOR,2868635.94
Creditos,2026,5,BANRURAL,550547.38
Debitos,2026,5,BANRURAL,1018841.49
Saldo inicial,2026,5,BANRURAL,815911.82
Creditos,2026,5,BI,100000.00
Debitos,2026,5,BI,0.00
Saldo inicial,2026,5,BI,341349.17
Creditos,2026,5,PROMERICA,7452.65
Debitos,2026,5,PROMERICA,0.00
Saldo inicial,2026,5,PROMERICA,40829.36
Creditos,2026,6,BANCOR,870181.15
Debitos,2026,6,BANCOR,819694.95
Saldo inicial,2026,6,BANCOR,2719021.74
Creditos,2026,6,BANRURAL,926430.30
Debitos,2026,6,BANRURAL,569951.44
Saldo inicial,2026,6,BANRURAL,347617.71
Creditos,2026,6,BI,0.00
Debitos,2026,6,BI,400000.00
Saldo inicial,2026,6,BI,441349.17
Creditos,2026,6,PROMERICA,7212.24
Debitos,2026,6,PROMERICA,0.00
Saldo inicial,2026,6,PROMERICA,48282.01
Creditos,2026,7,BANCOR,1147597.22
Debitos,2026,7,BANCOR,942053.06
Saldo inicial,2026,7,BANCOR,2769507.94
Creditos,2026,7,BANRURAL,596257.23
Debitos,2026,7,BANRURAL,991101.90
Saldo inicial,2026,7,BANRURAL,704096.57
Creditos,2026,7,BI,0.00
Debitos,2026,7,BI,0.00
Saldo inicial,2026,7,BI,41349.17
Creditos,2026,7,PROMERICA,7452.65
Debitos,2026,7,PROMERICA,0.00
Saldo inicial,2026,7,PROMERICA,55494.25
Creditos,2026,8,BANCOR,860036.90
Debitos,2026,8,BANCOR,754443.45
Saldo inicial,2026,8,BANCOR,2975052.10
Creditos,2026,8,BANRURAL,865680.60
Debitos,2026,8,BANRURAL,881474.02
Saldo inicial,2026,8,BANRURAL,309251.90
Creditos,2026,8,BI,0.00
Debitos,2026,8,BI,0.00
Saldo inicial,2026,8,BI,41349.17
Creditos,2026,8,PROMERICA,7452.65
Debitos,2026,8,PROMERICA,0.00
Saldo inicial,2026,8,PROMERICA,62946.90
