BANCOR,1,2024,3391931.45,500440.19,369517.77,3522853.87
BANCOR,1,2025,3684688.08,877227.24,475462.21,4086453.11
BANCOR,1,2026,3322748.42,336934.98,539527.70,3120155.70
BANCOR,2,2024,3522853.87,220598.86,501298.99,3242153.74
BANCOR,2,2025,4086453.11,723343.31,570052.20,4239744.22
BANCOR,2,2026,3120155.70,176680.98,547443.82,2749392.86
BANCOR,3,2024,3242153.74,370236.82,501130.67,3111259.89
BANCOR,3,2025,4239744.22,1019738.25,526766.59,4732715.88
BANCOR,3,2026,2749392.86,456237.80,559489.57,2646141.09
BANCOR,4,2024,3111259.89,921916.58,519054.51,3514121.96
BANCOR,4,2025,4732715.88,2463048.02,895419.86,6300344.04
BANCOR,4,2026,2646141.09,708498.44,486003.59,2868635.94
BANCOR,5,2024,3514121.96,612264.13,487728.33,3638657.76
BANCOR,5,2025,6300344.04,574777.77,507337.47,6367784.34
BANCOR,5,2026,2868635.94,457158.88,606773.08,2719021.74
BANCOR,6,2024,3638657.76,156153.43,274755.83,3520055.36
BANCOR,6,2025,6367784.34,227375.15,824999.26,5770160.23
BANCOR,6,2026,2719021.74,868766.15,820679.95,2767107.94
BANCOR,7,2024,3520055.36,701793.75,644530.23,3577318.88
BANCOR,7,2025,5770160.23,957574.81,737980.52,5989754.52
BANCOR,7,2026,2767107.94,1147597.22,943078.06,2971627.10
BANCOR,8,2024,3577318.88,685449.37,518979.61,3743788.64
BANCOR,8,2025,5989754.52,641025.22,512122.23,6118657.51
BANCOR,8,2026,2971627.10,858692.90,768924.45,3061395.55
BANCOR,9,2024,3743788.64,957086.63,541188.06,4159687.21
BANCOR,9,2025,6118657.51,716296.49,554598.50,6280355.50
BANCOR,9,2026,3061395.55,18690.70,2327468.23,752618.02
BANCOR,10,2024,4159687.21,489190.98,496428.14,4152450.05
BANCOR,10,2025,6280355.50,235554.87,506796.57,6009113.80
BANCOR,11,2024,4152450.05,840940.42,833184.50,4160205.97
BANCOR,11,2025,6009113.80,46089.88,2015645.80,4039557.88
BANCOR,12,2024,4160205.97,189702.07,665219.96,3684688.08
BANCOR,12,2025,4039557.88,50062.24,766871.70,3322748.42
BANRURAL,1,2024,384485.13,436757.56,621322.29,199920.40
BANRURAL,1,2025,223832.51,1005443.15,878767.63,350508.03
BANRURAL,1,2026,48059.54,565146.18,339864.33,273341.39
BANRURAL,2,2024,199920.40,526592.87,460334.57,266178.70
BANRURAL,2,2025,350508.03,808005.14,612492.09,546021.08
BANRURAL,2,2026,273341.39,599385.00,758933.96,113792.43
BANRURAL,3,2024,266178.70,405985.41,495746.58,176417.53
BANRURAL,3,2025,546021.08,857709.25,1078509.38,325220.95
BANRURAL,3,2026,113792.43,649585.04,427360.22,336017.25
BANRURAL,4,2024,176417.53,861910.12,702935.01,335392.64
BANRURAL,4,2025,325220.95,1181768.14,1257753.40,249235.69
BANRURAL,4,2026,336017.25,667217.83,658357.67,344877.41
BANRURAL,5,2024,335392.64,779232.58,884964.41,229660.81
BANRURAL,5,2025,249235.69,633225.98,687303.14,195158.53
BANRURAL,5,2026,344877.41,550547.38,626690.10,268734.69
BANRURAL,6,2024,229660.81,762146.44,423251.10,568556.15
BANRURAL,6,2025,195158.53,616548.16,642475.13,169231.56
BANRURAL,6,2026,268734.69,893707.80,473611.65,688830.84
BANRURAL,7,2024,568556.15,614911.48,993301.46,190166.17
BANRURAL,7,2025,169231.56,923167.92,813757.51,278641.97
BANRURAL,7,2026,688830.84,593958.77,973537.55,309252.06
BANRURAL,8,2024,190166.17,838140.38,774026.23,254280.32
BANRURAL,8,2025,278641.97,952212.94,951531.01,279323.90
BANRURAL,8,2026,309252.06,865680.60,885474.02,289458.64
BANRURAL,9,2024,254280.32,844311.23,953542.07,145049.48
BANRURAL,9,2025,279323.90,689421.30,963966.82,4778.38
BANRURAL,9,2026,289458.64,301321.11,675340.01,-84560.26
BANRURAL,10,2024,145049.48,934523.92,664132.62,415440.78
BANRURAL,10,2025,4778.38,843252.59,528593.38,319437.59
BANRURAL,11,2024,415440.78,751185.08,931719.22,234906.64
BANRURAL,11,2025,319437.59,676976.75,794943.93,201470.41
BANRURAL,12,2024,234906.64,477929.48,489003.61,223832.51
BANRURAL,12,2025,201470.41,429316.33,582727.20,48059.54
BANRURAL,1,2024,0.00,0.00,0.00,0.00
BANRURAL,1,2025,0.00,0.00,0.00,0.00
BANRURAL,1,2026,0.00,0.00,0.00,0.00
BANRURAL,2,2024,0.00,0.00,0.00,0.00
BANRURAL,2,2025,0.00,0.00,0.00,0.00
BANRURAL,2,2026,0.00,0.00,0.00,0.00
BANRURAL,3,2024,0.00,0.00,0.00,0.00
BANRURAL,3,2025,0.00,0.00,0.00,0.00
BANRURAL,3,2026,0.00,0.00,0.00,0.00
BANRURAL,4,2024,0.00,0.00,0.00,0.00
BANRURAL,4,2025,0.00,0.00,0.00,0.00
BANRURAL,4,2026,0.00,0.00,0.00,0.00
BANRURAL,5,2024,0.00,0.00,0.00,0.00
BANRURAL,5,2025,0.00,0.00,0.00,0.00
BANRURAL,5,2026,0.00,0.00,0.00,0.00
BANRURAL,6,2024,0.00,0.00,0.00,0.00
BANRURAL,6,2025,0.00,0.00,0.00,0.00
BANRURAL,6,2026,0.00,0.00,0.00,0.00
BANRURAL,7,2024,0.00,0.00,0.00,0.00
BANRURAL,7,2025,0.00,0.00,0.00,0.00
BANRURAL,7,2026,0.00,0.00,0.00,0.00
BANRURAL,8,2024,0.00,0.00,0.00,0.00
BANRURAL,8,2025,0.00,0.00,0.00,0.00
BANRURAL,8,2026,0.00,0.00,0.00,0.00
BANRURAL,9,2024,0.00,0.00,0.00,0.00
BANRURAL,9,2025,0.00,0.00,0.00,0.00
BANRURAL,9,2026,0.00,0.00,0.00,0.00
BANRURAL,10,2024,0.00,0.00,0.00,0.00
BANRURAL,10,2025,0.00,0.00,0.00,0.00
BANRURAL,11,2024,0.00,0.00,0.00,0.00
BANRURAL,11,2025,0.00,0.00,0.00,0.00
BANRURAL,12,2024,0.00,0.00,0.00,0.00
BANRURAL,12,2025,0.00,0.00,0.00,0.00
BANRURAL,1,2024,0.00,0.00,0.00,0.00
BANRURAL,1,2025,0.00,0.00,0.00,0.00
BANRURAL,1,2026,0.00,0.00,0.00,0.00
BANRURAL,2,2024,0.00,0.00,0.00,0.00
BANRURAL,2,2025,0.00,0.00,0.00,0.00
BANRURAL,2,2026,0.00,0.00,0.00,0.00
BANRURAL,3,2024,0.00,0.00,0.00,0.00
BANRURAL,3,2025,0.00,0.00,0.00,0.00
BANRURAL,3,2026,0.00,0.00,0.00,0.00
BANRURAL,4,2024,0.00,0.00,0.00,0.00
BANRURAL,4,2025,0.00,0.00,0.00,0.00
BANRURAL,4,2026,0.00,0.00,0.00,0.00
BANRURAL,5,2024,0.00,0.00,0.00,0.00
BANRURAL,5,2025,0.00,0.00,0.00,0.00
BANRURAL,5,2026,0.00,0.00,0.00,0.00
BANRURAL,6,2024,0.00,0.00,0.00,0.00
BANRURAL,6,2025,0.00,0.00,0.00,0.00
BANRURAL,6,2026,0.00,0.00,0.00,0.00
BANRURAL,7,2024,0.00,0.00,0.00,0.00
BANRURAL,7,2025,0.00,0.00,0.00,0.00
BANRURAL,7,2026,0.00,0.00,0.00,0.00
BANRURAL,8,2024,0.00,0.00,0.00,0.00
BANRURAL,8,2025,0.00,0.00,0.00,0.00
BANRURAL,8,2026,0.00,0.00,0.00,0.00
BANRURAL,9,2024,0.00,0.00,0.00,0.00
BANRURAL,9,2025,0.00,0.00,0.00,0.00
BANRURAL,9,2026,0.00,0.00,0.00,0.00
BANRURAL,10,2024,0.00,0.00,0.00,0.00
BANRURAL,10,2025,0.00,0.00,0.00,0.00
BANRURAL,11,2024,0.00,0.00,0.00,0.00
BANRURAL,11,2025,0.00,0.00,0.00,0.00
BANRURAL,12,2024,0.00,0.00,0.00,0.00
BANRURAL,12,2025,0.00,0.00,0.00,0.00
BI,1,2024,1012877.89,6903.45,3829.14,1015952.20
BI,1,2025,1217347.96,0.00,0.00,1217347.96
BI,1,2026,330712.44,0.00,0.00,330712.44
BI,2,2024,1015952.20,4212.47,34919.92,985244.75
BI,2,2025,1217347.96,0.00,0.00,1217347.96
BI,2,2026,330712.44,1875.00,0.00,332587.44
BI,3,2024,985244.75,0.00,45350.12,939894.63
BI,3,2025,1217347.96,12314.48,0.00,1229662.44
BI,3,2026,332587.44,8761.73,0.00,341349.17
BI,4,2024,939894.63,35000.07,14722.85,960171.85
BI,4,2025,1229662.44,0.00,1200000.00,29662.44
BI,4,2026,341349.17,0.00,0.00,341349.17
BI,5,2024,960171.85,21.39,47457.56,912735.68
BI,5,2025,29662.44,0.00,0.00,29662.44
BI,5,2026,341349.17,100000.00,0.00,441349.17
BI,6,2024,912735.68,0.00,157.52,912578.16
BI,6,2025,29662.44,0.00,0.00,29662.44
BI,6,2026,441349.17,0.00,400000.00,41349.17
BI,7,2024,912578.16,0.00,0.00,912578.16
BI,7,2025,29662.44,100000.00,0.00,129662.44
BI,7,2026,41349.17,0.00,0.00,41349.17
BI,8,2024,912578.16,100000.00,0.00,1012578.16
BI,8,2025,129662.44,0.00,0.00,129662.44
BI,8,2026,41349.17,0.00,0.00,41349.17
BI,9,2024,1012578.16,3669.80,0.00,1016247.96
BI,9,2025,129662.44,0.00,0.00,129662.44
BI,9,2026,41349.17,0.00,0.00,41349.17
BI,10,2024,1016247.96,100000.00,0.00,1116247.96
BI,10,2025,129662.44,0.00,0.00,129662.44
BI,11,2024,1116247.96,1100.00,0.00,1117347.96
BI,11,2025,129662.44,0.00,0.00,129662.44
BI,12,2024,1117347.96,100000.00,0.00,1217347.96
BI,12,2025,129662.44,201050.00,0.00,330712.44
PROMÉRICA,1,2025,0.00,0.00,0.00,0.00
PROMÉRICA,1,2026,11980.40,7452.65,0.00,19433.05
PROMÉRICA,2,2025,0.00,0.00,0.00,0.00
PROMÉRICA,2,2026,19433.05,6731.42,0.00,26164.47
PROMÉRICA,3,2025,0.00,0.00,0.00,0.00
PROMÉRICA,3,2026,26164.47,7452.65,0.00,33617.12
PROMÉRICA,4,2025,0.00,0.00,0.00,0.00
PROMÉRICA,4,2026,33617.12,7212.24,0.00,40829.36
PROMÉRICA,5,2025,0.00,0.00,0.00,0.00
PROMÉRICA,5,2026,40829.36,7452.65,0.00,48282.01
PROMÉRICA,6,2025,0.00,0.00,0.00,0.00
PROMÉRICA,6,2026,48282.01,7212.24,0.00,55494.25
PROMÉRICA,7,2025,0.00,0.00,0.00,0.00
PROMÉRICA,7,2026,55494.25,7452.65,0.00,62946.90
PROMÉRICA,8,2025,0.00,0.00,0.00,0.00
PROMÉRICA,8,2026,62946.90,7452.65,0.00,70399.55
PROMÉRICA,9,2025,0.00,0.00,0.00,0.00
PROMÉRICA,9,2026,70399.55,0.00,0.00,70399.55
PROMÉRICA,10,2025,0.00,0.00,0.00,0.00
PROMÉRICA,11,2025,0.00,4567.75,0.00,4567.75
PROMÉRICA,12,2025,4567.75,7452.65,40.00,11980.40
